ID,Type,ObjectType,Name,Priority,UUID,Trail Mileage,Latitude,Longitude,Trail Offset,Access Type,Capacity,Surface,Restrooms,Water,Hours,Fees,Verified,Source,Notes,PrimaryPhotoId,Narrative,icons,QR Code links,URL,display_type,sort_order,start_mile,end_mile,midpoint_mile
R01,Park,POI,Occoquan Regional Park,1,,0,38.69341538,-77.25533878,,,,,yes,yes,0630-1700 (minimum),,,,,,,"nature, discovery",,https://www.novaparks.com/parks/occoquan-regional-park,point,1,,,
P01,Parking,Parking,Occoquan Regional Park parking,2,,0,38.68052,-77.25228,,At trailhead,50,paved,,,0630-1700 (minimum),None,,,"A word of caution:  Once the park closes, the gates go down, and you might not be able to drive out. Closing times vary by season — check before you go if you plan to park a vehicle there.  ",,,parking,,https://www.novaparks.com/parks/occoquan-regional-park,point,2,,,
F01,"Food, Drink",POI,Brickmakers Cafe,3,,0,38.68117,-77.25306,,,,,,,"1100-1600 weekdays, 1100-1900 weekends",none,,,,PHBM01,NBM01,"food, libations",,https://www.novaparks.com/parks/brickmakers-cafe,point,3,,,
H04,Historic,Area,DC Workhouse and Reformatory Historic District,1,,,,,,,,,,,,,,,,,,"history,guardtower",,https://www.fairfaxcounty.gov/planning-development/laurel-hill/national-register,area,4,0.14,3.32,1.59
H01,Historic,POI,Beehive Brick Kiln,3,,0.13,38.68186043,-77.25327825,0.038,Short detour,,,,,Same as Occoquan Regional Park,none,,,,PHBK01,NBK01,history,,https://www.atlasobscura.com/places/beehive-brick-kiln-occoquan-regional-park,point,5,,,
H02,Historic,POI,Turning Point Suffragist Memorial,3,,0.13,38.68203722,-77.25296088,0.06,Short detour,,,,,Same as Occoquan Regional Park,none,,,,PHTP01,NTP01,history,,https://suffragistmemorial.org/,point,6,,,
V01,Viewpoint,POI,Sheperd Point Overlook,3,,0.42,38.6853324,-77.2570075,0.136,Side Trail,,,,,Same as Occoquan Regional Park,none,,,,,NSP01,viewpoint,,,point,7,,,
H03,Historic,POI,Lorton and Occoquan Railroad Line ,3,,0.42,38.68436006,-77.25564505,,On Trail,,,,,Same as Occoquan Regional Park,none,,,,PHRR01,NOLRR01,history,,https://www.abandonedrails.com/lorton-and-occoquan-railroad,point,8,,,
H04,Historic,POI,Lorton Workhouse Guard Tower,3,,1.16,38.6958873,-77.25369229,0.015,On Trail,,,,,,none,,,,PHLG01, ,history,,,point,9,,,
H05,Historic,POI,Lorton Water Treatment Plant,3,,1.26,38.69675425,-77.25240169,0.019,On Trail,,,,,,none,,,,PHWP01,,history,,,point,10,,,
H06,Historic,POI,Lorton Heating Plant,3,,1.32,38.69788726,-77.25270082,0.019,On Trail,,,,,,none,,,,PHHP01,,history,,,point,11,,,
F02,"Food, Drink",POI,Bunnyman Brewing & Cafe,3,,1.32,38.69844094,-77.25584299,0.25,Short detour,,,,,"Mo-Thu | 0700-2100, Fri 0700-2200, Sa 0900-2200, Su 0900-2000",,,,"The brewery takes its name from local legend: a patient from an insane asylum, being transferred to the Lorton workhouse, is said to have escaped into the nearby woods dressed in a bunny costume — becoming known ever after as “The Bunnyman.”",PHBB01,NBB01,"food, libations",,https://bunnymanbrewing.com/,point,12,,,
H07,Historic,POI,Lucy Burns Museum,3,,1.32,38.69793483,-77.25407084,0.1137,Short detour,,,,,"Sat 1100 - 1800, Sun 1200-1700",none,,,,PHLBM01,NLBM01,history,,https://www.workhousearts.org/lorton-prison-museum,point,13,,,
P02,Parking,Parking,Lorton Workhouse Parking,2,,1.5,38.69917105,-77.25473287,0.038,Along Trail,100,paved,,,,none,,,,,,parking,,,point,14,,,
H08,Historic,POI,Barrel Bridge,3,,2.1,38.70514449,-77.24754819,,On Trail,,,,,,,,,,PHBBT01,NBBT01,history,,https://www.atlasobscura.com/places/barrel-arch-bridge,point,15,,,
H09,Historic,POI,Nike w64 Site,3,,2.13,38.70923306,-77.25342826,0.52,Detour,,,,,,,,,,PNW64,NNW64,history,,https://www.atlasobscura.com/places/nike-missile-site-w-64,point,16,,,
H10,Historic,POI,Barrett House,3,,2.13,38.70627325,-77.24817866,0.09,Short detour,,,,,,,,,,PHBH01,NBH01,history,,https://www.atlasobscura.com/places/barrett-house,point,17,,,
R02,Park,POI,Laurel Hill Park Central Green,3,,2.03,38.70416443,-77.24465185,0.114,Short detour,,,yes,yes,Closes at dark,None,,,,,,park ,,https://www.fairfaxcounty.gov/parks/picnics/laurel-hill-central-green,point,18,,,
P03,Parking,Parking,Laurel Hill Park Central Green Parking,2,,2.03,38.70416443,-77.24465185,0.114,Short detour,75,paved,,,Closes at dark,None,,,,,,parking,,https://www.fairfaxcounty.gov/parks/picnics/laurel-hill-central-green,point,19,,,
H11,Historic,POI,Hidden Box Car History ,3,,2.3,38.7076005,-77.2450289,,On Trail,,,,,,,,,,PHLBC01,NLBC01,history,,,point,20,,,
H12,Historic,POI,Giles Run Trestle Bridge Site,3,,2.49,38.70930809,-77.24295046,,On Trail,,,,,,,,,,PHGRTB01,NGRTB01,history,,,point,21,,,
H13,Historic,POI,Industrial Site Mystery,3,,2.49,38.70942734,-77.24280861,,Along Trail,,,,,,,,,,PHGRI01,NGRI01,discovery,,,point,22,,,
P04,Parking,Parking,Giles Run Parking,2,,2.65,38.71040448,-77.24032381,,Along Trail,18,paved,,,,,,,,,,parking,,,point,23,,,
R03,Park,Area,Laurel Hill Park ,1,,,,,,,,,,,,,,,,,,park ,,,area,24,2.65,5,3.8
H14,Historic,POI,Laurel Hill House,3,,3,38.70925594,-77.23383972,0.26,Short Detour,,,,,,,,,,PHLHH01,NLHH01,history,,https://www.atlasobscura.com/places/laurel-hill-house,point,25,,,
H15,Historic,POI,Laurel Hill Terraced Garden,3,,3,38.70930365,-77.23377794,0.26,Short Detour,,,,,,,,,,PHLHTG01,NLHTG01,history,,,point,26,,,
H16,Historic,POI,Reformatory Power Plant,3,,3,38.71074336,-77.23538177,0.06,Short Detour,,,,,,,,,,PHREFPP01,NREFPP01,history,,https://libertycrestapartments.com/power-plant/,point,27,,,
F03,"Food, Drink",POI,Liberty Market,3,,,38.71377248,-77.23367936,0.038,Short Detour,,,,,,,,,,PHLMKT01,NLMKT01,"food, libations",,https://nvretail.com/liberty/sitemap,point,28,,,
P05,Parking,Parking,Liberty Market Parking,2,,3.13,38.71377248,-77.23367936,0.038,Short Detour,289,paved,,,,,,,,,,parking,,,point,29,,,
W01,Waterway,Area,Pohick Stream,4,,,,,,,,,,,,,,,,,NPOHS01,,,,area,30,3.13,8.04,5.5
F04,"Food, Drink",POI,Pack a Picnic (Sunoco Station),3,,8.04,38.75647741,-77.2335702,0.43,Detour,,,yes,yes,,,,,,"PHGNG01, PHGNG02, PHGNG03",,"food, libations",,,point,31,,,
W01,Waterway,Area,Accotink Stream Valley,4,,,,,,,,,,,,,,,,,,,,,area,32,8.04,10.82,9
P06,Parking,Parking,Hooes Road Trail Parking,2,,8.04,38.75742841,-77.2259582,,Along Trail,6,gravel,,,,,,,Note this has very limited parking.  See Gambrill Road Commuter Lot for an alternative,,,parking,,,point,33,,,
P07,Parking,Parking,Gambrill Road Commuter Lot,2,,8.04,38.75531056,", -77.23251358072011",0.47,Detour,223,paved,,,,,,,,,NGRCP01,parking,,https://www.fairfaxcounty.gov/connector/riders/gambrill,point,34,,,
R04,Park,POI,Yankee Field,3,,10.82,38.7791153,-77.20262525,0.03,Short Detour,,,seasonal,seasonal,,,,,,PHYANKFLD,NYANKFLD,discovery,,https://www.wsllbaseball.net/,point,35,,,
P08,Parking,Parking,Yankee Field Parking,2,,10.82,38.7791153,-77.20262525,0.03,Short Detour,50,dirt,,,,,,,,,,parking,,,point,36,,,
H17,Historic,POI,Civil War Era Tunnel,3,,11.99,38.79005862,-77.21174579,0.01,Short Detour,,,,,,,,,,PHCIVTUN,NCIVTUN,history,,https://www.atlasobscura.com/places/orange-and-alexandria-railroad-culvert,point,37,,,
H18,Historic,POI,The Orange and Alexandria Railroad,3,,12.49,38.79303563,-77.21875172,,Along Trail,,,,,,,,,,PHORGRR,NORGRR,history,,https://civilwarintheeast.com/things/railroads/orange-alexandria-railroad/,point,38,,,
W02,Waterway,POI,Lake Accotink,3,,12.69,38.79386602,-77.21547104,,Along Trail,,,yes,yes,,,,,,"PHLAKEAC01, PHLAKEAC02",NLAKEAC,park,,https://www.fairfaxcounty.gov/parks/lake-accotink,point,39,,,
P09,Parking,Parking,Lake Accotink Parking,2,,12.44,38.79410326,-77.2145883,,Along Trail,200,gravel,,,Closes at dark,,,,,,,parking,,,point,40,,,
H19,Historic,POI,Ravensworth Historical Marker,3,,14.79,38.80965038,-77.22098013,0.54,Detour,,,,,,,,,,PHRAVHM,NRAVHM,history,,https://ravensworthstory.org/,point,41,,,
F05,"Food, Drink",POI,Ravensworth Shopping Plaza,3,,14.79,38.80989296,-77.22183815,0.47,Detour,,,,,,,,,,"PHRAVENS01, PHRAVENS02, PHRAVENS03",NRAVENS01,parking,,,point,42,,,
R05,Park,POI,Wakefield Park Rec Center,3,,15.3,38.81773046,-77.22391699,0.17,Short Detour,,,yes,yes,,,,,,"PHWKFLD01, PHWKFLD02, PHWKFLD03",NWKFLD01,park,,https://dwr.virginia.gov/vbwt/sites/wakefield-park/,point,43,,,
P10,Parking,Parking,Wakefield Park Parking,2,,15.3,38.8178805,-77.2233542,0.21,Short Detour,200,paved,,,,,,,,,,parking,,,point,44,,,
R06,Park,POI,Eakin Communtiy Park,3,,20.1,38.85275562,-77.24164579,,Along Trail,,,seasonal,yes,,,,,,"PHEAKIN01, PHEAKIN02",NEAKIN01,park,,https://www.fairfaxcounty.gov/parks/picnics/eakin-community-park,point,45,,,
P11,Parking,Parking,Eakin Community Park Parking,2,,20.1,38.85304285,-77.23923012,0.15,Short Detour,40,paved,,,,,,,,,,parking,,,point,46,,,
H20,Historic,POI,Chichester's Mill Race,3,,20.24,38.8618575,-77.2602013,,Along Trail,,,,,,,,,,PHCHMILL01,NCHMILL01,"history, discovery, watermill",,https://www.franconiahistory.com/historic-sites/chichester-grist-mill-(site),point,47,,,
W03,Waterway,Area,Along the Accotink,3,,20.7,,,,,,,,,,,,,,"NALACCT01,NALACCT02,NALACCT03",NALACCT01,,,,area,48,20.24,21.02,20.6
P12,Parking,Parking,Thaiss Memorial Park Parking,2,,20.89,38.86061797,-77.26930028,,Along Trail,50,dirt,,,,,,,"Under re-development, re-opens Fall 2026",,,parking,,,point,49,,,
P13,Park,POI,Thaiss Memorial Park,2,,20.89,38.86061797,-77.26930028,,Along Trail,,,,,,,,,"Under re-development, re-opens Fall 2026",,,,,https://www.fairfaxva.gov/Fun-Facilities/Parks/Parks-Directory/Thaiss-Memorial-Park,point,50,,,
F06,"Food, Drink",POI,Stryker Square,3,,21.02,38.86357399,-77.27426534,0.32,Short Detour,,,,,,,,,,,,"Food,libations",,https://maps.app.goo.gl/xSccfjsq7ZStKAtr6,point,51,,,
F07,"Food, Drink",POI,Fairfax Circle,3,,21.02,38.86365346,-77.27759539,0.45,Detour,,,,,,,,,,"PHFFXC01, PHFFXC02",NFFXC01,"food,libations",,https://maps.app.goo.gl/EYKx7iZDuCFETDg58,point,52,,,
F08,"Food, Drink",POI,Santini's New York Style Deli,3,,23.5,38.8796933,-77.3014278,0.2,Short Detour,,,,,,,,,,"PHSANTIN01, PHSANT02, PHSANTIN03, PHSANT04",NSAN01,"pizza,drinks",,https://mysantinis.com/locations/oakton-va/,point,53,,,
H21,Historic,Area,Flint Hill,3,,,,,,,,,,,,,,,,NFLNTHL01,NFLNTHL01,,,https://hamiltonhistoricalrecords.wordpress.com/2019/04/29/the-area-of-oakton-virginia/,area,54,23.5,23.89,23.7
P13,Parking,Parking,Oakmont Recreation Center parking,2,,23.89,38.87489256,-77.31505688,0.26,Short Detour,200,paved,,,,,,,,,,parking,,,point,55,,,
R07,Park,POI,Oakmont Recreation Center,4,,23.89,38.87507122,-77.31369603,0.26,Short Detour,,,yes,yes,,,,,,"PHOAKM01, PHOAKM02, PHOAKM03, PHOAKM04",NOAKM01,golf,,https://www.fairfaxcounty.gov/parks/reccenter/oakmont,point,56,,,
W04,Waterway,Area,Difficult Run,4,,,,,,,,,,,,,,,,"PHDIFRUN01, PHDIFRUN02, PHDIFRUN03, PHDIFRUN04, PHDIFRUN05, PHDIFRUN06, PHDIFRUN07, PHDIFRUN08, PHDIFRUN09, PHDIFRUN10",NDIFRUN01,stream,,,area,57,23.89,30.3,27
R08,Park,POI,Gabrielson Gardens,4,,28.9,38.91029918,-77.31669448,0.06,Short Detour,,,,,,,,,,PHGABGD01,NGABGD01,nature ,,,point,58,,,
P14,Parking,Parking,Gabrielson Gardens Parking,2,,28.9,38.91026782,-77.31704922,0.1,Short Detour,6,dirt,,,,,,,,,,parking,,,point,59,,,
H22,Historic,Area,Difficult Run Stream Valley,4,,,,,,,,,,,,,,,,"PHDIFSB01, PHDIFSB02, PHDIFSB03, PHDIFSB04",NDIFSB01,"history, stream, wildlife",,,area,60,33,40.46,36.73
P15,Parking,Parking,Lawyers Road Parking,2,,30.3,38.92442828,-77.32759328,0.05,Short Detour,6,grass,,,,,,,,,,parking,,,point,61,,,
D01,Discovery, POI,The Glade near Howland Drive,3,,30.45,38.9254985,-77.32947252,,Along Trail,,,,,,,,,,"NGLDH01, NGLDH02",NGLDH01,discovery,,https://waterdata.usgs.gov/nwis/uv?site_no=0164579522&legacy=1,point,62,,,
R09,Park,POI,Meadowlark Botanical Gardens,4,,33,38.93788365,-77.28195097,1,Detour,,,yes,yes,,,,,,"PHMDWLK01, PHMDWLK02, PHMDWLK03, PHMDWLK04",NMDWLK01,"nature,flowers",,https://www.novaparks.com/parks/meadowlark-botanical-gardens,point,63,,,
P16,Parking,Parking,Meadowlark Botanical Gardens Parking,2,,33,38.93788365,-77.28195097,1,Detour,100,paved,,,10:00-1600 minimum,,,,,,,parking,,,point,64,,,
T01,Trail,Area,W&OD Trail,3,,,,,,,,,,,,,,,,"PHWOD01, PHWOD02, PHWOD03, PHWOD04",NWOD01,bicycle,,https://wodfriends.org/trail-map/,,65,32.2,33,32.6
R10,Park,POI,Tamarack Park,3,,33.16,38.93926331,-77.29601741,,Along Trail,,,,,,,,,,"NGCB01,NGCB02, NGCB03, NGCB04",NGCB01,nature,,,,66,,,
H23,Historic,POI,Colvin Run Mill,2,,36.44,38.96993086,-77.29410168,0.3,Short Detour,,,seasonal,seasonal,,,,,,,NCRMILL01,watermill,,https://friendsofcolvinrunmill.org/,point,67,,,
P17,Parking,Parking,Colvin Run Mill Parking,2,,36.44,38.96993086,-77.29410168,0.3,Short Detour,50,paved,,,,,,,,,,parking,,,point,68,,,
F08,"Food,Drink",POI,Old Mill Market Square,3,,36.44,38.9734352,-77.29640191,0.5,Detour,,,,,,,,,,"PHOMMKT01, PHOMMKT02, PHOMMKT03, PHOMMKT04, PHOMMKT05",NOMMKT01,"Food,libations",,,,69,,,
F08,"Food, Drink",POI,Blue Chicken Bakery,2,,36.44,38.97373493,-77.29570177,0.5,Detour,,,,,,,,,,,,Bakery,,https://www.bluechickenbakery.com/,point,70,,,
F09,"Food, Drink",POI,Mookies BBQ,2,,36.44,38.97351423,-77.29571453,0.5,Detour,,,,,,,,,,,,"Food, libations",,http://mookiesbbq.com/index.html,point,71,,,
P18,Parking,Parking,Georgetown Pike Parking,2,,39.49,38.97832319,-77.24904654,,Along Trail,30,dirt,,,,,,,,,,parking,,,point,72,,,
R11,Park,POI,Great Falls CCT Start/End,2,,40.49,38.97635319,-77.23526523,,,,,,,,,,,,,,trailhead,,,point,73,,,
R12,Park,POI,Great Falls Park Visitor's Center,3,,40.49,38.99695463,-77.25478992,2,Detour,,,,,,,,,,,,Information,,https://www.nps.gov/grfa/index.htm,point,74,,,
P19,Parking,Parking,Great Falls Park Parking - Old Carriage Trail,2,,40.49,38.99352091,-77.25445299,1.8,Detour,30,paved,,,,,,,,,,parking,,,point,75,,,
H24,Historic,POI,Matildaville,3,,,38.99208918,-77.25283727,1.7,,,,,,,,,,,,,historic,,https://pastlanetravels.com/matildaville-ruins/,point,76,,,
