NarrativeID,Title,Summary,Markdown File,Author,LastUpdated,Priority,Tags,Notes
NBM01,Brickmakers Café,,brickmakers-café.md,,,,,
NBK01,Beehive Kiln,,beehive-brick-kiln.md,,,,,
NTP01,Turning Point Memorial,,turning-point-memorial.md,,,,,
NSP01,Sheperds Point Overlook,,sheperds-point.md,,,,,
NOLRR01,Lorton-Occoquan RR,,occoquan-lorton-rr.md,,,,,
NBB01,Bunnyman Brewing,,bunnyman.md,,,,,
NOW01,Occoquan Workhouse,,occoquan-workhouse.md,,,,,
NOP01,Occoquan Park,,occoquan-park.md,,,,,
NLMB01,Lucy Burns Museum,,lucy-burns-museum.md,,,,,
,Lorton Workhouse Parking,,,,,,,
NBBT01,Barrel Bridge Tunnel,,barrel-bridge.md,,,,,
NNW64,Nike w64 Site,,nike-w64-site.md,,,,,
NBH01,Barrett House,,barrett-house.md,,,,,
NLBC01,Lorton Railroad Boxcar,,lorton-boxcar.md,,,,,
NFFXC01,Fairfax Circle and Stryker's Square,,fairfax-circle.md,,,,,
NSAN01,Santini's Restaurant,,santinis.md,,,,,
NRAVHM,Ravensworth,,ravensworth-hm.md,,,,,
NGRTB01,Giles Run Trestle Bridge,,giles-run-bridge.md,,,,,
NGRI01,Giles Run Industrial Site Mystery,,"giles-run-industrial,md",,,,,
NLHH01,Laurel Hill House,,laurel-hill-house.md,,,,,
NLHTG01,Terraced Garden,,terraced-garden.md,,,,,
NREFPP01,The Power Plant,,power-plant.md,,,,,
NLMKT01,Liberty Market,,liberty-market.md,,,,,
NLMKT02,Liberty Market Note,,liberty-market-note.md,,,,,
NPOHS01,Pohick Stream,,pohick-stream.md,,,,,
NGNG01,Pack a Picnic,,grab-and-go.md,,,,,
NGRCP01,Gambrill Road Commuter Parking,,gambrills-parking.md,,,,,
NYANKFLD,Yankee Field,,yankee-field.md,,,,,
NCIVTUN,Civil War Tunnel,,civil-war-tunnel.md,,,,,
NORGRR,The Orange & Alexandria Railroad,,orange-alx-rr.md,,,,,
NLAKEAC,Lake Accotink,,lake-accotink.md,,,,,
NRAVENS01,Ravensworth Shopping Plaza,,ravensworth-plaza.md,,,,,
NWKFLD01,Wakefield Park,,wakefield-rec-ctr.md,,,,,
NEAKIN01,Eakin Park,,eakin-park.md,,,,,
NCHMILL01,Chichester's Mill Race,,chichesters-mill-race.md,,,,,
NALACCT01,Along the Accotink,,along-the-accotink.md,,,,,
NFLNTHL01,Flint Hill,,flint-hill.md,,,,,
NOAKM01,Oakmont Rec Center,,oakmont-rec-center.md,,,,,
NGABGD01,Gabrielson Gardens,,gabrielson-gardens.md,,,,,
NDIFRUN01,Difficult Run,,difficult-run.md,,,,,
NDIFSB01,Difficult Run Stream Bed,,dr-streambed.md,,,,,
NGLDH01,Glade at Howland Drive,,howland-glade.md,,,,,
NWOD01,W&OD Trail,,wod-trail.md,,,,,
NMDWLK01,Meadowlark Botanical Garden,,meadowlark-gardens.md,,,,,
NGCB01,Gerry Connolly Bench,,connolly-bench.md,,,,,
NCRMILL01,Colvin Run Mill,,colvin-run-mill.md,,,,,
NOMMKT01,Old Mill Market Square,,old-mill-market.md,,,,,
