PhotoID,ObjectType,Filename,Title,Credit,DateTaken,Latitude,Longitude,Orientation,Featured,QRLink,Notes
PHBM01,,brickmakers.jpg,Brickmakers Café,,,38.68117,-77.25306,,,,
PHBK01,,beehive_kiln.jpg,Beehive Kiln,,,38.681471,-77.2533693,,,,
PHTP01,,turning-point-small.png,Turning Point,,,38.6816723,-77.2532934,,,,
PHTP02,,suffragist-large-bw.bw,Suffragist Memorial,,,38.6816723,-77.2532934,,,,
PHRR01,,rr-ghost-tracks.jpg,RR Track trace,,,38.68436006,-77.25564505,,,,
PHLG01,,lorton-guardtower-bw.jpg,Lorton Guardtower,,,38.6958873,-77.25369229,,,,
PHWP01,,water-plant.jpg,Lorton Water Plant,,,38.69675425,-77.25240169,,,,
PHHP01,,lorton-heating-plant-bw.jpg,Lorton Heating Plant,,,38.69788726,-77.25270082,,,,
PHBB01,,bunnyman.jpg,Bunnyman Brewing,,,38.69844094,-77.25584299,,,,
PNW64,,nike-w64-site.jpg,Nike N64 Site,,,38.70923306,-38.54401339,,,,
PHBH01,,barrett-house.jpg,Barrett House,,,38.70627325,-77.24817866,,,,
PHBBT01,,barrel-bridge-bw.jpg,Barrel Bridge,,,38.70514449,-77.24754819,,,,
PHLBC01,,lorton-railroad-map.jpg,Lorton Railroad Map,,,,,,,,
PHGRI01,,industrial-giles-run.jpg,Industrial Site Giles Run,,,38.70946452,-77.2428936,,,,
PHRAVHM,,ravensworth-hm.jpg,Ravensworth,,,38.80965038,-77.22098013,,,,
PHLBM01,,lucy-burns.jpg,Lorton Prison Museum w/ Lucy Burns Exhibit,,,38.6979031,-77.25392768,,,,
PHGRTB01,,giles-run-bridge.jpg,Giles Run Trestle Bridge,,,,,,,,
PHLHH01,,laurel-hill-house-01.jpg,Laurel Hill House,,,38.70925096,-77.23375679,,,,
PHLHH02,,laurel-hill-house-02.jpg,Laurel Hill House,,,38.70925096,-77.23375679,,,,
PHLHH03,,laurel-hill-house-03.jpg,Laurel Hill House,,,38.70925096,-77.23375679,,,,
PHLHTG01,,laurel-hill-garden-01.jpg,Laurel Hill House Terraced Garden,,,38.70925096,-77.23375679,,,,
PHLHTG02,,laurel-hill-garden-02.jpg,Laurel Hill House Terraced Garden,,,38.70925096,-77.23375679,,,,
PHLHTG03,,laurel-hill-garden-03.jpg,Laurel Hill House Terraced Garden,,,38.70925096,-77.23375679,,,,
PHLHTG04,,laurel-hill-garden-04.jpg,Laurel Hill House Terraced Garden,,,38.70925096,-77.23375679,,,,
PHREFPP01,,power-plant-01.jpg,The Power Plant,,,38.71074336,-77.23538177,,,,
PHREFPP02,,power-plant-02.jpg,The Power Plant,,,38.71074336,-77.23538177,,,,
PHLMKT01,,liberty-market.jpg,Liberty Market,,,38.71377248,-77.23367936,,,,
PHLMKT02,,liberty-market-tower.png,Liberty Market Tower,,,38.71377248,-77.23367936,,,,
PHPOHS01,,pohick-low-water-crossing.jpg,Pohick Stream,,,,,,,,
PHDEERBW,,deer-bw.png,Hidden Deer,,,,,,,,
PHGNG01,,grab-n-go.jpg,Sunoco Grab-n-Go,,,,,,,,
PHGNG02,,grab-n-go-drinks.jpg,,,,,,,,,
PHGNG03,,grab-n-go-hot-dogs.jpg,,,,,,,,,
PHCIVTUN,,civil-war-tunnel.jpg,Civil War Tunnel,,,,,,,,
PHORGRR,,orange-alx-rr.jpg,The Orange & Alexandria RR ,,,,,,,,
PHLAKEAC01,,lake-accotink-marina.jpg,Lake Accotink Marina,,,,,,,,
PHLAKEAC02,,lake-accotink-carousel.jpg,Lake Accotink Carousel,,,,,,,,
PHRAVENS01,,swiss-bakery.jpg,The Swiss Bakery,,,,,,,,
PHRAVENS02,,kilsroys-pub.jpg,Kilroy's Pub,,,,,,,,
PHRAVENS02,,ice-cream.jpg,Dairy Queen,,,,,,,,
PHWKFLD01,,wakefield-park.jpg,Wakefield Park bridge,,,,,,,,
PHWKFLD02,,snake.jpg,Wakefield Park Snake,,,,,,,,
PHWKFLD03,,turtle.jpg,Wakefield Park Turtle,,,,,,,,
PHEAKIN01,,eakin-park-marker.jpg,Eakin Park Marker,,,,,,,,
PHEAKIN02,,eakin-playground.jpg,Eakin Park Playground,,,,,,,,
PHCHMILL01,,chichester-mill-race.jpg,Chichester's Mill Race,,,,,,,,
NALACCT01,,accotink-1.jpg,Accotink Picnic Table,,,,,,,,
NALACCT02,,accotink-2.jpg,Accotink Creek,,,,,,,,
NALACCT03,,accotink-3.jpg,Pickett Road Underpass Trail,,,,,,,,
PHFFXC01,,fairfax-circle1,Fairfax Circle Food 1,,,,,,,,
PHFFXC02,,fairfax-circle2,Fairfax Circle Food 2,,,,,,,,
PHSANTIN01,,santinis.jpg,,,,,,,,,
PHSANTIN02,,santinis-pizza.jpg,,,,,,,,,
PHSANTIN03,,santinis-sandwich.jpg,,,,,,,,,
PHSANTIN04,,santinis-calzone.jpg,,,,,,,,,
NFLNTHL01,,"flint-hill-school,jpg",Flint Hill School,,,,,,,,
PHFLNTHL01,,flint.jpg,Flint (Quartz),,,,,,,,
PHOAKM01,,oakmont-1.jpg,Oakmont Driving Range,,,,,,,,
PHOAKM02,,oakmont-2.jpg,Oakmont Golf,,,,,,,,
PHOAKM03,,oakmont-3.jpg,Oakmont mini-golf,,,,,,,,
PHOAKM04,,oakmont-4.jpg,Oakmont Entrance,,,,,,,,
PHGABGD01,,gabrielson-gardens.jpg,Gabrielson Gardens,,,,,,,,
PHDIFRUN01,,diff-run01.jpg,Fungus,,,,,,,,
PHDIFRUN02,,diff-run02.jpg,Bushes,,,,,,,,
PHDIFRUN03,,diff-run03.jpg,Goats,,,,,,,,
PHDIFRUN04,,diff-run04.jpg,Stevens Family Bridge,,,,,,,,
PHDIFRUN05,,diff-run05.jpg,Bridge at Gabrielson Gardens,,,,,,,,
PHDIFRUN06,,diff-run06.jpg,Trail,,,,,,,,
PHDIFRUN07,,diff-run07.jpg,Deer,,,,,,,,
PHDIFRUN08,,diff-run08.jpg,Difficult Run Ruins,,,,,,,,
PHDIFRUN09,,diff-run09.jpg,Horse,,,,,,,,
PHDIFRUN10,,diff-run10.jpg,Horse,,,,,,,,
PHDIFSB01,,mosbys-rangers.jpg,Mosby's Rangers,,,,,,,,
PHDIFSB02,,bluebells.md,Bluebells,,,,,,,,
PHDIFSB03,,bunny.jpg,Bunny ,,,,,,,,
PHDIFSB04,,mayapple.jpg,Mayapple,,,,,,,,
PHGLDH01,,howland-monitoring-station.jpg,USGS Monitoring Station,,,,,,,,
PHGLDH02,,howland-stream.jpg,Howland Stream,,,,,,,,
PHWOD01,,wod-logo.jpg,W&OD Trail,,,,,,,,
PHWOD02,,wod-bike.jpg,Bike on W&OD Trail,,,,,,,,
PHWOD03,,"wod-hunters-mill,jpd",Hunter's Mill Marker,,,,,,,,
PHWOD04,,hunters-mill-historical-markers,Civil War Markers at Hunter's Mill,,,,,,,,
PHMDWLK01,,meadowlark-1.jpg,Meadowlark Gardens Bridge,,,,,,,,
PHMDWLK02,,meadowlark-2.jpg,Meadowlark Gardens Gazebo,,,,,,,,
PHMDWLK03,,meadowlark-3.jpg,Meadowlark Gardens Flowers,,,,,,,,
PHMDWLK04,,meadowlark-4.jpg,Meadowlark Gardens Butterfly,,,,,,,,
PHGCB01,,tamarack-park.jpg,Tamarack Park Sign,,,,,,,,
PHGCB02,,connolly-bench.jpg,Gerry Connolly bench,,,,,,,,
PHGCB03,,connolly-field.jpg,Tamarack Park - unmarked turn,,,,,,,,
PHGCB04,,stone-bridge.jpg,Stepping Stone bridge,,,,,,,,
PHCRMILL01,,colvin-run-mill-1.jpg,Colvin Run Mill - narrow,,,,,,,,
PHCRMILL02,,colvin-run-mill-works.jpg,Colvin Run Mill Works,,,,,,,,
PHCRMILL03,,colvin-run-mill-2.jpg,Colvin Run Mill ,,,,,,,,
PHCRMILL04,,colvin-run-historical-marker.jpg,Colvin Run Historical marker,,,,,,,,
PHOMMKT01,,mook1-png,Mookies BBQ,,,,,,,,
PHOMMKT02,,bbq.jpg,BBQ,,,,,,,,
PHOMMKT03,,blue-chicken-bakery.jpg,Blue Chicken Bakery,,,,,,,,
PHOMMKT04,,baked-goods.jpg,Baked Goods,,,,,,,,
PHOMMKT05,,wine-outlet.jpg,Wine Outlet,,,,,,,,
